date,revenue,expenses,profit
2022-01-01,125327.15947325683,59489.380100794035,65837.7793724628
2022-01-02,115710.33213366376,75816.9225913485,39893.40954231526
2022-01-03,79126.5025117049,82385.99694037058,-3259.494428665683
2022-01-04,98624.12620086031,69967.94132719653,28656.184873663777
2022-01-05,111422.98776512574,62841.317533309084,48581.67023181666
2022-01-06,90728.96090412709,63415.3267163345,27313.634187792588
2022-01-07,121205.36944541591,99879.64060772886,21325.728837687057
2022-01-08,79812.76285681399,80999.0879401485,-1186.3250833345082
2022-01-09,95749.16634374605,66413.75173874747,29335.414604998587
2022-01-10,104050.77437764606,88728.80966888231,15321.964708763742
2022-01-11,100417.14845622641,81551.03189829504,18866.116557931367
2022-01-12,90277.17487373456,78339.73587962077,11937.438994113792
2022-01-13,104972.38430242767,101921.04052875986,3051.343773667817
2022-01-14,86037.75580171603,71835.35884097486,14202.396960741171
2022-01-15,122744.27398614856,83690.88556253674,39053.38842361182
2022-01-16,72821.91553109541,84834.91291195859,-12012.997380863177
2022-01-17,79880.34988796212,60820.2864480481,19060.063439914018
2022-01-18,69957.79910118537,72584.12600510438,-2626.3269039190054
2022-01-19,91070.23278991952,91089.6444544291,-19.41166450957826
2022-01-20,77544.86790314472,82215.46100242478,-4670.593099280057
2022-01-21,103279.15640093389,81185.25658854058,22093.899812393312
2022-01-22,112033.45425184909,80170.10426946243,31863.34998238666
2022-01-23,114166.21960821809,61368.59080786628,52797.628800351806
2022-01-24,108507.41492709493,91739.90281676213,16767.5121103328
2022-01-25,79066.68744954953,88280.12775906596,-9213.44030951643
2022-01-26,113269.75209096434,60038.59399042986,53231.15810053448
2022-01-27,95651.00272157772,64387.120912620834,31263.88180895689
2022-01-28,94026.83691355775,76457.96576391062,17568.871149647137
2022-01-29,114829.06550061755,48942.37505743047,65886.69044318708
2022-01-30,87284.76292736047,42086.50761554871,45198.25531181176
2022-01-31,95595.7306742493,73384.76182423247,22210.968850016827
2022-02-01,99135.87593528688,96285.13525209714,2850.740683189739
2022-02-02,112415.24137724825,78725.86216065187,33689.37921659638
2022-02-03,97055.36565939435,76468.58180862795,20586.7838507664
2022-02-04,111307.0410265906,74419.23030026272,36887.81072632788
2022-02-05,91386.04614656806,80492.2002194175,10893.845927150556
2022-02-06,107807.01734655991,71508.50721183328,36298.51013472663
2022-02-07,86771.75211615187,76866.72808287182,9905.024033280046
2022-02-08,115360.48771729245,95094.02938137,20266.45833592245
2022-02-09,110300.50677712828,81603.14104753088,28697.365729597397
2022-02-10,110943.44938652508,88600.85380188811,22342.595584636976
2022-02-11,81622.77908953196,68952.28730089877,12670.491788633197
2022-02-12,92076.16606949436,97364.65211600426,-5288.486046509905
2022-02-13,129358.78106555263,72656.88285260987,56701.89821294276
2022-02-14,92706.93168398799,73867.7934660835,18839.13821790449
2022-02-15,94938.2360644198,79191.52901988638,15746.707044533425
2022-02-16,108451.23547687515,87430.36099749302,21020.87447938214
2022-02-17,99290.48784366008,77950.22297814618,21340.264865513906
2022-02-18,84839.34238207499,79129.39050286265,5709.951879212342
2022-02-19,106573.93641930124,75269.20613135172,31304.730287949526
2022-02-20,116032.58649371057,82239.33496692842,33793.25152678214
2022-02-21,109654.18814748219,81811.30497313009,27842.8831743521
2022-02-22,103742.91139558738,92185.66586063721,11557.245534950169
2022-02-23,117176.86175673755,107844.13762344158,9332.724133295967
2022-02-24,109124.72905874705,76697.5154125772,32427.213646169854
2022-02-25,91335.60767080422,94478.87499476058,-3143.267323956359
2022-02-26,116171.63692406239,80845.25255034331,35326.38437371908
2022-02-27,99102.0820030487,50893.45069512061,48208.63130792808
2022-02-28,124260.895691687,82997.72959072224,41263.16610096475
2022-03-01,112524.05184791895,67321.20173955595,45202.850108362996
2022-03-02,92664.95677192918,99925.03755345491,-7260.0807815257285
2022-03-03,96140.80864500199,90342.18448192911,5798.624163072876
2022-03-04,80090.07718867395,73579.62050994826,6510.456678725692
2022-03-05,83779.05127796574,77152.36637289631,6626.684905069429
2022-03-06,91687.18903767623,85506.89560975929,6180.293427916942
2022-03-07,91747.01675634627,78006.08329733412,13740.933459012158
2022-03-08,106371.85822098028,91960.45838655773,14411.399834422555
2022-03-09,86823.28782711398,82679.82902905442,4143.458798059553
2022-03-10,84963.0630564231,83848.81778013588,1114.2452762872126
2022-03-11,101362.89208066375,86962.7259599719,14400.16612069185
2022-03-12,102042.47286153265,68778.2315530164,33264.24130851624
2022-03-13,112875.27287577555,77895.85733427212,34979.41554150343
2022-03-14,107357.50361956787,82766.16085191083,24591.342767657043
2022-03-15,88081.61571178777,87390.04352109616,691.5721906916151
2022-03-16,98909.08442824765,100891.278442888,-1982.1940146403504
2022-03-17,106875.18303762029,81897.89884826292,24977.284189357364
2022-03-18,109037.70220373425,79443.54026885162,29594.161934882635
2022-03-19,109576.46865030608,67140.85713085499,42435.61151945109
2022-03-20,80944.46739263172,93835.48741491613,-12891.020022284414
2022-03-21,101484.6760012264,84997.64849546588,16487.027505760518
2022-03-22,102585.58339936257,98215.14962390884,4370.433775453726
2022-03-23,98790.33403877038,72019.97635348493,26770.357685285446
2022-03-24,72516.29608036618,75833.42937396014,-3317.133293593957
2022-03-25,100325.62346349849,92176.33929321879,8149.284170279701
2022-03-26,127144.71517021865,71463.45246125174,55681.26270896691
2022-03-27,114277.3384396982,101384.18399361114,12893.154446087065
2022-03-28,90478.65230167983,76827.46539138246,13651.186910297372
2022-03-29,110378.93222348273,87023.06982049202,23355.862402990708
2022-03-30,73679.92412006533,83651.86070080905,-9971.936580743713
2022-03-31,112341.26662129849,73314.44797163263,39026.81864966586
2022-04-01,99868.50647827619,69877.60782874416,29990.898649532028
2022-04-02,84563.73292183624,74921.70074443641,9642.03217739983
2022-04-03,88472.99080203871,63307.81187348708,25165.178928551628
2022-04-04,85744.63639949396,102111.4642436029,-16366.827844108935
2022-04-05,101053.04249121221,82967.8044539385,18085.23803727371
2022-04-06,116341.92549952763,68357.9821848642,47983.943314663426
2022-04-07,92793.89499960754,91720.15071916251,1073.7442804450257
2022-04-08,108157.29569492204,69095.21865130616,39062.07704361588
2022-04-09,101084.90964282064,60438.31308821295,40646.59655460769
2022-04-10,105010.93073382654,73391.26045616253,31619.670277664
2022-04-11,94930.6204161133,80866.46166248822,14064.158753625088
2022-04-12,118664.71241143178,88647.22972052258,30017.482690909208
2022-04-13,102438.94842660663,101245.67439770392,1193.2740289027133
2022-04-14,90049.92769566213,55745.44670278032,34304.480992881814
2022-04-15,133832.81604226123,82748.4388234663,51084.37721879492
2022-04-16,103591.94510927485,80465.16924706768,23126.77586220717
2022-04-17,94671.48415354465,64971.49780524728,29699.986348297367
2022-04-18,90852.23354123847,60736.62974960216,30115.603791636313
2022-04-19,77589.08276724335,91899.6308764541,-14310.548109210751
2022-04-20,109474.40559229805,88882.69347356485,20591.712118733194
2022-04-21,87057.87660584574,84947.99501972784,2109.8815861179028
2022-04-22,101334.2003286826,84300.71960274478,17033.480725937814
2022-04-23,133942.59387202546,76928.61662441235,57013.97724761312
2022-04-24,104439.52422521578,46311.61620631726,58127.90801889852
2022-04-25,92204.83397055193,97682.40841389724,-5477.574443345307
2022-04-26,120818.14568909683,93399.71043093638,27418.435258160447
2022-04-27,117100.9075299248,84528.50581006566,32572.401719859146
2022-04-28,99688.34596947506,68236.20859003867,31452.13737943639
2022-04-29,104318.41603345255,78743.61168181791,25574.804351634637
2022-04-30,98353.1833164235,66007.67408793267,32345.50922849083
2022-05-01,108958.85693116792,78068.05468537794,30890.80224578998
2022-05-02,95645.97129300506,72853.10891343286,22792.862379572194
2022-05-03,83144.99388922304,70875.11141118214,12269.882478040905
2022-05-04,107856.98341706884,81687.27222389956,26169.711193169278
2022-05-05,128646.26158462436,55285.83906288243,73360.42252174193
2022-05-06,90802.33781148553,112290.03746955522,-21487.699658069687
2022-05-07,94396.28862669095,58054.36628226993,36341.922344421015
2022-05-08,78665.7577139883,65470.3761014771,13195.381612511206
2022-05-09,87947.32681563788,93290.28695420528,-5342.960138567403
2022-05-10,86510.89019193721,83536.08036891866,2974.809823018557
2022-05-11,112829.64185762762,106122.04034525275,6707.601512374866
2022-05-12,104008.81027201978,84561.1133101923,19447.696961827474
2022-05-13,109102.3303052596,56048.5564352094,53053.7738700502
2022-05-14,93906.16974049405,65193.69830558792,28712.471434906132
2022-05-15,116921.7959202038,95712.22919492696,21209.566725276847
2022-05-16,104590.74417068661,57923.07246339334,46667.671707293266
2022-05-17,94028.40956703482,74700.87154233303,19327.53802470179
2022-05-18,94526.68318811303,50953.33997340145,43573.34321471158
2022-05-19,81941.34345755784,80573.14868750203,1368.1947700558085
2022-05-20,97989.30740040621,99719.64165732806,-1730.3342569218512
2022-05-21,104891.27948832937,80508.03679847103,24383.242689858336
2022-05-22,60845.10069945376,86439.06052494496,-25593.959825491198
2022-05-23,133277.73927728322,87668.667253956,45609.07202332723
2022-05-24,102018.98555118729,75089.08111971189,26929.9044314754
2022-05-25,114196.08193747237,97555.66056053573,16640.421376936632
2022-05-26,76946.28104045142,79798.94215653364,-2852.6611160822213
2022-05-27,77307.52798789271,91142.74226663544,-13835.21427874273
2022-05-28,66783.61629588314,76104.15418165101,-9320.537885767873
2022-05-29,88788.62290079534,75964.98484509013,12823.638055705203
2022-05-30,105507.47990606545,59606.05170546261,45901.42820060284
2022-05-31,103850.13768653457,74751.55585403297,29098.5818325016
2022-06-01,114975.7230843655,74189.74796568957,40785.975118675924
2022-06-02,81163.86531245227,71179.5091291308,9984.356183321463
2022-06-03,123934.50457330093,61838.2084942398,62096.29607906113
2022-06-04,102560.18030945411,72666.89596259115,29893.284346862958
2022-06-05,104991.31414451635,74871.15853083578,30120.155613680574
2022-06-06,104275.7870807567,80870.42872345795,23405.35835729874
2022-06-07,103874.2158164615,52094.67115813441,51779.54465832708
2022-06-08,111053.35922902664,54036.833403795,57016.52582523164
2022-06-09,105613.92625388084,66113.99330759194,39499.9329462889
2022-06-10,111211.24305820746,90415.19245066601,20796.050607541445
2022-06-11,100551.20046770765,63211.584194020135,37339.61627368751
2022-06-12,117148.5679856914,83808.80641325816,33339.76157243324
2022-06-13,88807.24299058858,63363.12734402246,25444.11564656612
2022-06-14,94254.77343748762,71422.24821762959,22832.525219858027
2022-06-15,107347.1015627417,75644.6384884678,31702.463074273895
2022-06-16,110118.21069699679,83251.0223259837,26867.188371013093
2022-06-17,126670.51777591548,88383.33449903814,38287.18327687733
2022-06-18,117134.63094270561,84067.81083887049,33066.820103835125
2022-06-19,93050.98143682988,56384.870566762125,36666.11087006776
2022-06-20,76564.12038566216,79097.79377189366,-2533.6733862315014
2022-06-21,89919.26527858927,74189.38742710263,15729.877851486643
2022-06-22,128941.98096269583,94885.68462914173,34056.2963335541
2022-06-23,81557.89146859688,81702.87862315091,-144.98715455403726
2022-06-24,106897.33732163785,75786.48626084211,31110.851060795743
2022-06-25,92823.68335201149,84603.19489355867,8220.488458452819
2022-06-26,124427.85186247402,63918.47749957003,60509.374362904
2022-06-27,120997.81670919462,84698.64386361607,36299.17284557855
2022-06-28,106365.17991924612,88517.02456765184,17848.15535159428
2022-06-29,107030.09641308596,59122.140833779566,47907.9555793064
2022-06-30,89852.3858536837,82426.5011018761,7425.884751807607
2022-07-01,100478.72871908883,92054.24068267527,8424.48803641356
2022-07-02,107163.78731489195,69189.2001909465,37974.58712394544
2022-07-03,103891.09291202664,76777.61191124559,27113.481000781045
2022-07-04,106537.12476391834,71528.19064087121,35008.93412304713
2022-07-05,81514.27260273424,85408.10754452302,-3893.8349417887803
2022-07-06,88776.75018399174,65964.7678945267,22811.982289465042
2022-07-07,89804.55346887249,77383.9182498813,12420.635218991185
2022-07-08,78179.33920726045,88271.05005156698,-10091.710844306537
2022-07-09,111531.12987648885,71654.96391191217,39876.16596457668
2022-07-10,121716.91976637447,71650.32443776829,50066.595328606185
2022-07-11,104480.68290392261,66910.76179140937,37569.92111251324
2022-07-12,82578.56187930371,85948.56953103418,-3370.0076517304697
2022-07-13,80976.5720013357,104346.68050080014,-23370.108499464433
2022-07-14,118140.13490856497,77227.36986664175,40912.76504192322
2022-07-15,68915.88667230576,88014.72003701131,-19098.833364705555
2022-07-16,111101.32767999996,89766.48385796687,21334.843822033086
2022-07-17,111480.75432061747,68073.26066651671,43407.49365410076
2022-07-18,106404.76879901599,75547.15717038083,30857.61162863516
2022-07-19,115579.70225725084,64171.67472443036,51408.02753282048
2022-07-20,118151.78093547282,65904.73985093189,52247.041084540935
2022-07-21,68685.4868718285,88287.00174382931,-19601.514872000815
2022-07-22,79721.13529495898,72000.50652952411,7720.628765434871
2022-07-23,86398.37492280595,73184.90167250297,13213.47325030298
2022-07-24,104414.28020451502,81748.13391802812,22666.146286486895
2022-07-25,115559.88219188817,86744.52789708992,28815.35429479825
2022-07-26,105689.23461214335,94291.27648386826,11397.958128275088
2022-07-27,111361.41268013403,64436.563711849056,46924.848968284976
2022-07-28,87545.25486465333,71327.07488120193,16218.179983451395
2022-07-29,103741.89778387298,75172.14367957285,28569.754104300126
2022-07-30,110765.74226162683,87808.37634127619,22957.36592035064
2022-07-31,90744.46557743504,96624.61057573385,-5880.144998298812
2022-08-01,106939.88740611439,86175.78595243022,20764.10145368417
2022-08-02,81964.49310633555,83157.01731976174,-1192.5242134261935
2022-08-03,58194.39506154878,86575.64338585167,-28381.24832430289
2022-08-04,116307.70317679152,93846.52042905182,22461.182747739702
2022-08-05,82971.42972208917,93992.88820560472,-11021.45848351554
2022-08-06,91369.20211342047,71912.93477743943,19456.267335981043
2022-08-07,96636.77214313859,83677.09539189136,12959.676751247229
2022-08-08,95842.25705942854,89149.31939788182,6692.937661546719
2022-08-09,108076.91054126206,71965.51135269807,36111.399188563984
2022-08-10,117720.3538616985,50290.4013123116,67429.9525493869
2022-08-11,112178.72856245264,69190.21263294171,42988.51592951093
2022-08-12,107501.84247557473,74343.4932755501,33158.34920002462
2022-08-13,111766.86714648188,68539.4964648168,43227.37068166508
2022-08-14,90534.07887891661,64676.83878755118,25857.240091365427
2022-08-15,102368.71743169066,107694.74030450184,-5326.022872811183
2022-08-16,94092.15743838593,88915.98694300778,5176.170495378145
2022-08-17,123609.3034751184,80576.87381817444,43032.42965694396
2022-08-18,112616.71343342711,81823.11781207025,30793.595621356857
2022-08-19,103274.40464347538,78278.84970325608,24995.5549402193
2022-08-20,73657.68563184372,81824.16776758277,-8166.4821357390465
2022-08-21,80130.19494874806,80120.74077132376,9.454177424297086
2022-08-22,99217.93092016774,74479.44192517282,24738.488994994914
2022-08-23,112612.22494844097,82096.84987475,30515.37507369097
2022-08-24,71376.7076952586,95972.9283983034,-24596.22070304479
2022-08-25,77198.93147494305,71121.92234455569,6077.009130387363
2022-08-26,78068.46270611518,95706.7484359674,-17638.285729852214
2022-08-27,84610.29339586958,83032.69804689715,1577.5953489724343
2022-08-28,108453.57052989847,91758.97248675066,16694.59804314781
2022-08-29,88454.69630672035,91143.01443174235,-2688.3181250220077
2022-08-30,85289.55727607396,80654.7490943273,4634.808181746659
2022-08-31,88891.11353306283,77827.72702488821,11063.386508174619
2022-09-01,80042.29427496991,84352.02095200185,-4309.72667703194
2022-09-02,108155.32323778718,56462.21270061927,51693.11053716791
2022-09-03,65693.11896576008,74040.83288527296,-8347.713919512884
2022-09-04,75282.75248133962,83456.3719156531,-8173.619434313485
2022-09-05,110404.83531918557,68930.04408079508,41474.79123839049
2022-09-06,94878.15966270727,69116.2066853361,25761.95297737117
2022-09-07,120063.55719664546,87882.74369513254,32180.813501512923
2022-09-08,101633.33829164848,76134.6679291245,25498.67036252399
2022-09-09,130886.50650302897,83228.64092845948,47657.865574569485
2022-09-10,76885.49375953643,61534.39817736174,15351.09558217469
2022-09-11,112550.40175726346,71583.73010485103,40966.671652412435
2022-09-12,111533.74072196468,87730.9857897807,23802.75493218399
2022-09-13,93344.51063060784,102213.99773190726,-8869.487101299426
2022-09-14,100536.28502941832,81241.5033587585,19294.78167065981
2022-09-15,99837.07898503866,77570.67242719085,22266.40655784782
2022-09-16,82537.60450900637,58796.6991977286,23740.90531127777
2022-09-17,97193.64132203898,91168.67740987673,6024.963912162246
2022-09-18,84666.79426420448,58277.14141163972,26389.65285256476
2022-09-19,129707.25701154504,111836.05825331382,17871.198758231214
2022-09-20,100016.43327068126,88593.7533000248,11422.679970656463
2022-09-21,108018.40337724987,88736.41789278225,19281.985484467616
2022-09-22,72686.84897361611,76334.35478723305,-3647.505813616939
2022-09-23,114777.69792636124,89840.8809528591,24936.81697350215
2022-09-24,120828.37883117129,80550.62210874575,40277.75672242553
2022-09-25,123861.89170204854,81821.04302172142,42040.84868032712
2022-09-26,80267.23814318136,77813.60568595039,2453.6324572309677
2022-09-27,102177.11598178184,62782.110753219305,39395.005228562535
2022-09-28,124010.69960554417,89502.05622815585,34508.64337738832
2022-09-29,104032.91048655535,76586.69414140734,27446.216345148016
2022-09-30,111374.43112847717,60223.145830492125,51151.28529798504
2022-10-01,79997.7280567396,77666.65903788735,2331.069018852242
2022-10-02,104985.79819985121,74262.38546475284,30723.412735098376
2022-10-03,118318.17535311541,72309.20831200514,46008.96704111027
2022-10-04,118062.95517408657,62007.616925312395,56055.33824877418
2022-10-05,94014.68620811176,93062.44234794096,952.2438601707981
2022-10-06,83142.01113592833,46794.313595123516,36347.69754080482
2022-10-07,94261.50988662304,71255.97810507768,23005.53178154536
2022-10-08,99370.96809309219,79239.80442100568,20131.163672086506
2022-10-09,106104.97400732287,69673.60389579617,36431.3701115267
2022-10-10,101533.8704387892,76466.32165934762,25067.548779441582
2022-10-11,126854.65877575373,73326.71600015044,53527.9427756033
2022-10-12,98013.18515335947,90119.3918617669,7893.793291592578
2022-10-13,100441.24471628285,79231.66219770879,21209.582518574054
2022-10-14,89655.11293178018,74766.88895761751,14888.223974162669
2022-10-15,103501.40999587136,76967.23149376751,26534.178502103852
2022-10-16,90004.66247609668,84314.84317032884,5689.819305767844
2022-10-17,97638.42800548805,94625.13729215557,3013.290713332477
2022-10-18,119411.70509906356,87455.58483126802,31956.120267795544
2022-10-19,118106.17908468678,107893.84303811539,10212.336046571392
2022-10-20,117039.13306682481,88869.60108425828,28169.531982566536
2022-10-21,114807.27721880181,64924.12579765118,49883.15142115064
2022-10-22,108573.65123179126,83843.33876502124,24730.312466770018
2022-10-23,88814.67701390441,100324.57846925581,-11509.901455351399
2022-10-24,114631.34031736673,72987.057853507,41644.28246385974
2022-10-25,109908.64974026738,63868.25374857951,46040.395991687874
2022-10-26,103664.21861859062,70807.65397873071,32856.564639859906
2022-10-27,101880.7144033196,65354.42220741795,36526.292195901646
2022-10-28,115743.49772151693,90471.84376537618,25271.653956140755
2022-10-29,98342.15290431416,88019.44716166813,10322.705742646038
2022-10-30,118197.3669848843,79267.0610795199,38930.305905364396
2022-10-31,93133.4542993583,70762.61368355027,22370.840615808032
2022-11-01,95218.56290823896,93503.31496740504,1715.2479408339277
2022-11-02,96368.2951270576,95558.11748729153,810.1776397660724
2022-11-03,94786.70331804434,84310.67460742217,10476.028710622166
2022-11-04,74348.00799277243,69241.91361050353,5106.0943822689005
2022-11-05,125168.74874197064,93686.18074095249,31482.568001018153
2022-11-06,82443.99442598812,74896.7277338687,7547.266692119418
2022-11-07,109149.96259508918,79010.70523252441,30139.257362564764
2022-11-08,98567.82756469508,72299.65558396517,26268.17198072991
2022-11-09,90888.43500924997,81346.29853952111,9542.136469728852
2022-11-10,114611.31396959435,74003.17057809772,40608.14339149663
2022-11-11,103587.43140769524,103525.49427834115,61.93712935408985
2022-11-12,91960.17955165824,54102.454955649766,37857.72459600847
2022-11-13,110012.40321097184,92474.22773636253,17538.175474609307
2022-11-14,82459.9222489327,43335.43753839261,39124.484710540084
2022-11-15,97153.75752845945,88690.43285675134,8463.324671708106
2022-11-16,91510.60082542142,76062.07602689901,15448.524798522412
2022-11-17,98919.1022509205,86768.0663751819,12151.035875738613
2022-11-18,90849.6850341726,70763.70847901789,20085.976555154703
2022-11-19,109196.27365415609,89340.96406450403,19855.309589652054
2022-11-20,105740.04250541831,80100.31753956292,25639.724965855392
2022-11-21,100435.14714846527,77949.61463558552,22485.532512879756
2022-11-22,129778.75215052873,85609.04034986698,44169.71180066175
2022-11-23,92990.80919439574,46441.57376206777,46549.23543232797
2022-11-24,113494.67075596668,79675.42134752042,33819.24940844627
2022-11-25,97047.39465876065,85914.14167211023,11133.25298665042
2022-11-26,113559.86167592154,79013.30869528506,34546.55298063648
2022-11-27,83422.41411552012,76836.13708941387,6586.277026106254
2022-11-28,83904.47309663467,87012.10314726547,-3107.6300506308035
2022-11-29,118432.77484020217,66261.91732449658,52170.85751570559
2022-11-30,86014.87354129364,62877.97927239924,23136.894268894393
2022-12-01,120966.90025552566,86867.72964343562,34099.170612090034
2022-12-02,119056.73756760781,63430.59700868635,55626.140558921456
2022-12-03,106860.94378348824,85081.5660773222,21779.377706166037
2022-12-04,98485.16447063745,86598.50209152256,11886.662379114889
2022-12-05,68695.20175931675,65643.62929576739,3051.572463549368
2022-12-06,116580.4614717495,96532.56371247937,20047.897759270127
2022-12-07,115286.28150364164,81780.62076277204,33505.6607408696
2022-12-08,113546.7565834791,50532.482562906356,63014.274020572746
2022-12-09,100401.03944378161,96320.80329052551,4080.2361532561044
2022-12-10,104970.30744009104,78270.76864218197,26699.538797909074
2022-12-11,85569.64156412779,78804.98072311794,6764.6608410098415
2022-12-12,106949.7911263749,72542.72106338394,34407.070062990955
2022-12-13,88656.65173303238,67061.29320602358,21595.358527008808
2022-12-14,108932.78975336556,69785.86029335386,39146.9294600117
2022-12-15,108422.44152547575,92399.14140063549,16023.300124840258
2022-12-16,87480.80808602208,77159.14712670044,10321.660959321642
2022-12-17,92690.22556836258,69858.4731947398,22831.75237362279
2022-12-18,123487.81812202698,85834.24096466402,37653.57715736296
2022-12-19,110602.08574042411,63517.277691641255,47084.808048782856
2022-12-20,86515.75655578868,71368.04165133792,15147.714904450768
2022-12-21,106127.59959695142,68758.58686457454,37369.01273237688
2022-12-22,106782.57271007435,67423.8491218228,39358.72358825155
2022-12-23,76742.27404674006,85558.55603925009,-8816.281992510034
2022-12-24,89023.79970072299,100197.29264429946,-11173.492943576479
2022-12-25,96879.45929452885,68659.98125653982,28219.47803798903
2022-12-26,104941.06469428402,84171.08022882347,20769.984465460555
2022-12-27,104988.9987123516,88356.96807813935,16632.03063421225
2022-12-28,105937.9301505752,81249.91050216957,24688.01964840562
2022-12-29,114839.9951524187,74144.55114104325,40695.44401137545
2022-12-30,121391.81369446298,91721.83032687125,29669.983367591733
2022-12-31,84416.09619944765,89716.11879775836,-5300.022598310708
2023-01-01,91774.71689360726,60027.36848246546,31747.348411141793
2023-01-02,107732.57171111961,91774.04699736,15958.524713759616
2023-01-03,92313.41060321526,77146.48159439999,15166.929008815277
2023-01-04,90996.55785244225,74056.26266723093,16940.29518521132
2023-01-05,95989.46621719965,77122.83613416927,18866.63008303038
2023-01-06,101736.78166661138,76365.23405267566,25371.54761393572
2023-01-07,79746.94838522347,82487.98451321495,-2741.0361279914796
2023-01-08,105421.4430810552,107796.38513421599,-2374.9420531607902
2023-01-09,108575.99629329253,82708.9909815142,25867.005311778325
2023-01-10,86582.77645554778,76929.31661927153,9653.459836276248
2023-01-11,93922.20912078254,90924.00043445843,2998.208686324113
2023-01-12,120609.1238781191,89022.45261890291,31586.671259216193
2023-01-13,108168.56133781854,75572.98860091074,32595.572736907794
2023-01-14,123082.0090350408,82622.79078662695,40459.21824841385
2023-01-15,97279.95187080608,104397.98455498515,-7118.032684179067
2023-01-16,100531.90218642932,70164.22410725371,30367.678079175603
2023-01-17,99790.25111532408,93808.67673440537,5981.5743809187115
2023-01-18,127799.03220448387,72701.66595860265,55097.36624588122
2023-01-19,111061.139901183,81292.65326000852,29768.486641174488
2023-01-20,93688.37383960024,74878.7647307959,18809.609108804347
2023-01-21,115729.96704831652,81839.83106084878,33890.135987467744
2023-01-22,102090.5916657585,71669.80958360083,30420.782082157675
2023-01-23,104881.50923188854,58405.992990902494,46475.51624098605
2023-01-24,99861.0997506304,64897.330114847646,34963.76963578275
2023-01-25,123546.94240112895,63844.930407866676,59702.01199326228
2023-01-26,104223.53321447843,102425.04281237931,1798.4904020991235
2023-01-27,100631.37386478845,89404.46139047475,11226.912474313693
2023-01-28,86805.16372333419,60717.113425012656,26088.050298321534
2023-01-29,107331.9117409968,69177.57506593622,38154.33667506058
2023-01-30,77342.33204114286,98541.18867110042,-21198.85662995756
2023-01-31,108999.2972823364,75903.01005923028,33096.28722310612
2023-02-01,85032.52301350568,86426.92920352991,-1394.4061900242377
2023-02-02,102114.06250511295,87561.85008559198,14552.212419520962
2023-02-03,99491.90814400872,78492.83256132306,20999.075582685662
2023-02-04,87365.66604135571,101497.1022385202,-14131.436197164483
2023-02-05,108714.5681910771,102198.56261234697,6516.005578730124
2023-02-06,76404.92500720732,86988.3227478989,-10583.39774069158
2023-02-07,100202.67671834248,67952.75234485233,32249.924373490154
2023-02-08,114913.30242376914,83685.68626590882,31227.61615786032
2023-02-09,114523.55109476898,66254.43591994284,48269.11517482613
2023-02-10,104701.41886014261,63976.28789367106,40725.13096647155
2023-02-11,102590.89860648868,78088.51528547813,24502.38332101055
2023-02-12,106608.93506807719,80202.47442552897,26406.46064254822
2023-02-13,77737.95943852459,82356.64037278603,-4618.680934261443
2023-02-14,118851.72793602488,85313.03787365076,33538.690062374124
2023-02-15,99936.7245123876,60135.16411940068,39801.560392986925
2023-02-16,97787.21848366372,56051.26725316259,41735.95123050113
2023-02-17,118477.68447372616,83191.3422737363,35286.34219998986
2023-02-18,101536.0108283379,80742.48380257799,20793.527025759904
2023-02-19,109244.80543487763,72079.29644079416,37165.50899408347
2023-02-20,85086.08820872521,81555.98717686337,3530.1010318618355
2023-02-21,85354.51703349545,90114.17612990535,-4759.659096409901
2023-02-22,87627.52567349644,80272.34278391355,7355.18288958288
2023-02-23,104053.44126816544,66134.02972513209,37919.41154303335
2023-02-24,96691.63317300878,77036.95052572948,19654.682647279304
2023-02-25,112666.2451801529,86138.67711200629,26527.568068146604
2023-02-26,106768.7359617263,70106.11266588929,36662.62329583701
2023-02-27,97157.44310499358,79160.63340622783,17996.809698765748
2023-02-28,83252.40851027146,96359.17063941859,-13106.76212914713
2023-03-01,104497.29493189833,71177.3280894168,33319.96684248153
2023-03-02,111373.49408716742,74880.38134460432,36493.1127425631
2023-03-03,91364.2562333308,49182.439170377016,42181.817062953785
2023-03-04,102782.2523516998,72291.30347328151,30490.94887841829
2023-03-05,132756.90116337402,101629.15877353103,31127.742389842984
2023-03-06,96590.0001152117,72928.84661323694,23661.153501974768
2023-03-07,116740.1039173462,69121.09745929911,47619.00645804709
2023-03-08,90594.55701012428,91336.56782831543,-742.0108181911492
2023-03-09,95126.24549386225,76353.34636763946,18772.899126222794
2023-03-10,90327.65098690496,68578.72206233296,21748.928924572
2023-03-11,103895.86050331335,71726.83367633627,32169.026826977075
2023-03-12,98099.21141854722,81836.31521983224,16262.896198714981
2023-03-13,109030.62983211318,71670.49966543644,37360.13016667674
2023-03-14,121858.47396655192,83959.94490137055,37898.52906518137
2023-03-15,93913.03286823434,89727.9094909606,4185.123377273732
2023-03-16,102044.30153128375,95150.74363269181,6893.557898591942
2023-03-17,110366.5228627599,94076.62595039325,16289.896912366647
2023-03-18,80828.93004143186,57969.099459540084,22859.830581891772
2023-03-19,133646.7452287877,67271.30564706674,66375.43958172097
2023-03-20,125311.99471957018,58206.28811932617,67105.70660024401
2023-03-21,89612.25934570846,93159.43147777588,-3547.172132067426
2023-03-22,100930.49434677152,94506.42652825457,6424.067818516953
2023-03-23,92785.88030377054,74812.98103867174,17972.899265098793
2023-03-24,112156.1845856507,72865.37898159822,39290.80560405248
2023-03-25,92423.05337829361,52967.24444015985,39455.80893813376
2023-03-26,108498.79900056489,58416.79215516779,50082.0068453971
2023-03-27,82392.05307263773,75827.33585855937,6564.717214078366
2023-03-28,96016.74570617868,77028.7394121408,18988.006294037885
2023-03-29,102231.27988625561,71140.84720390485,31090.432682350758
2023-03-30,82794.03715630356,71916.76444047061,10877.27271583295
2023-03-31,94154.6785163414,83125.30972920026,11029.368787141138
2023-04-01,93679.24778747624,100614.39196000433,-6935.144172528089
2023-04-02,87183.37358076297,66469.63713216237,20713.736448600597
2023-04-03,91375.47722229191,78107.5055810412,13267.971641250711
2023-04-04,86097.57822976242,63716.079965410645,22381.49826435178
2023-04-05,93399.44458338301,86466.1170395445,6933.327543838517
2023-04-06,136722.9946645794,65359.3317578411,71363.66290673829
2023-04-07,87617.9919664782,96026.6997878871,-8408.707821408898
2023-04-08,113161.35956912939,81210.75136434086,31950.60820478853
2023-04-09,112135.30259072776,81112.38675330351,31022.915837424254
2023-04-10,117458.99800548372,70031.87158876884,47427.12641671488
2023-04-11,123957.93842129195,94343.09857409657,29614.839847195384
2023-04-12,75029.83988239431,107231.51293776919,-32201.67305537488
2023-04-13,96737.18386542224,74480.66783355652,22256.516031865714
2023-04-14,119856.08095228736,65931.66103247099,53924.41991981637
2023-04-15,86806.11915424847,73023.34613791117,13782.773016337305
2023-04-16,108937.74561878433,59898.88405254447,49038.861566239866
2023-04-17,94125.55161969294,79176.41690262734,14949.134717065594
2023-04-18,104778.44944659552,80315.31084422822,24463.138602367297
2023-04-19,109711.31888227297,79850.17985459093,29861.139027682046
2023-04-20,115319.022966069,63703.05753299555,51615.96543307344
2023-04-21,95622.24225139813,60174.10615160918,35448.13609978895
2023-04-22,81303.4396485475,104984.7569036284,-23681.317255080896
2023-04-23,91983.8280934448,79783.62715265524,12200.200940789553
2023-04-24,85655.50716875191,84975.14293989408,680.3642288578267
2023-04-25,95801.6400689272,71429.6112864678,24372.028782459398
2023-04-26,84462.04926419981,91469.40928107202,-7007.360016872204
2023-04-27,78000.58784775418,96324.59197282801,-18324.00412507383
2023-04-28,116218.81779960988,101919.53329367778,14299.284505932097
2023-04-29,129560.87459988764,103396.42071467075,26164.45388521689
2023-04-30,108855.74569062657,72231.56968104366,36624.17600958291
2023-05-01,102810.03642997182,76742.7356976749,26067.30073229692
2023-05-02,95373.89292310507,66107.59595961138,29266.29696349369
2023-05-03,106290.99315255828,75236.76983745172,31054.22331510656
2023-05-04,77346.27081227156,93530.78480994284,-16184.513997671282
2023-05-05,94352.88793828184,88020.07833558302,6332.8096026988205
2023-05-06,92924.49846229109,72315.52738274811,20608.97107954297
2023-05-07,109458.51341293723,88718.86437819705,20739.649034740185
2023-05-08,118085.18912001574,79349.4399739612,38735.74914605454
2023-05-09,103962.52757292184,75624.21167558535,28338.31589733649
2023-05-10,95428.58095292361,88559.45297813871,6869.127974784904
2023-05-11,110787.49617873544,67222.49796779189,43564.99821094355
2023-05-12,96307.5637000052,83084.45169464848,13223.112005356714
2023-05-13,99615.38016331276,56992.85714148301,42622.52302182975
2023-05-14,118290.65848077762,70479.19613673846,47811.46234403916
2023-05-15,111873.53352896313,81205.20392346555,30668.32960549758
2023-05-16,114359.61865046705,88498.05056817908,25861.568082287966
2023-05-17,103857.11446761437,70194.69868521871,33662.41578239566
2023-05-18,101898.69368526913,83647.94447813857,18250.74920713056
2023-05-19,96601.67886381391,70465.30313745058,26136.37572636333
2023-05-20,59923.945185300785,95951.25444072443,-36027.30925542364
2023-05-21,77556.16440188613,70919.6568510128,6636.507550873328
2023-05-22,127352.72541858323,84185.14444471533,43167.580973867894
2023-05-23,88820.27633032831,69695.61944160453,19124.65688872378
2023-05-24,82096.6726122483,76231.61297717679,5865.059635071506
2023-05-25,97282.91991970837,81951.38026587812,15331.539653830245
2023-05-26,108964.14127265575,77023.39873523536,31940.74253742039
2023-05-27,100826.7663754072,65200.42471390318,35626.34166150402
2023-05-28,126020.57545318166,79629.74979233669,46390.825660844974
2023-05-29,83574.2010806079,85262.32169204809,-1688.1206114401866
2023-05-30,100663.54730466357,65978.1064558213,34685.44084884228
2023-05-31,105026.37397500758,87506.03137960599,17520.342595401584
2023-06-01,87235.82876713463,97120.01254921428,-9884.18378207965
2023-06-02,120694.0350446125,85000.81623816218,35693.21880645031
2023-06-03,119949.48305981747,80558.37928702806,39391.103772789415
2023-06-04,110832.234210718,85807.10479109414,25025.12941962386
2023-06-05,109320.84687721991,78799.80768180436,30521.03919541555
2023-06-06,111524.15502353015,112345.81300884293,-821.6579853127769
2023-06-07,77980.760286746,95944.52734628729,-17963.767059541293
2023-06-08,115282.11151936649,96305.82997382166,18976.28154554483
2023-06-09,106847.22122144765,64604.064965937636,42243.15625551001
2023-06-10,120184.44750788747,89609.653131654,30574.79437623346
2023-06-11,107362.65808065054,87231.62815768912,20131.029922961417
2023-06-12,137797.05410183885,83035.74230508324,54761.3117967556
2023-06-13,90958.9347475238,81124.862212919,9834.072534604798
2023-06-14,101234.40366098665,98162.88460770407,3071.51905328258
2023-06-15,118254.58067366858,110094.4149807285,8160.165692940078
2023-06-16,80138.46973961759,85529.97041583598,-5391.500676218391
2023-06-17,99933.42956456967,59985.083158060545,39948.346406509125
2023-06-18,100052.3664611074,98546.3069129723,1506.0595481351047
2023-06-19,138941.45990168603,77261.8266921456,61679.633209540436
2023-06-20,120003.80106641515,92285.15642118438,27718.644645230772
2023-06-21,105820.83552501205,83257.83104910488,22563.004475907175
2023-06-22,98167.61487595187,62627.10313167331,35540.511744278556
2023-06-23,86567.0246609654,60179.7568443551,26387.2678166103
2023-06-24,96582.49224320873,75665.07787228665,20917.41437092208
2023-06-25,79821.29782475371,44150.55450313882,35670.74332161489
2023-06-26,106157.95045423039,91450.29345290738,14707.657001323008
2023-06-27,93897.11202139889,75987.16517419998,17909.94684719891
2023-06-28,85885.39183724878,95423.07249981884,-9537.680662570056
2023-06-29,99220.39264268662,81626.02337670936,17594.369265977264
2023-06-30,113279.9200058642,79444.02497671788,33835.895029146326
2023-07-01,101839.0795553197,94796.07514284556,7043.00441247414
2023-07-02,104314.94391571154,78620.66778447475,25694.276131236795
2023-07-03,131587.5387054298,90406.62357462358,41180.915130806214
2023-07-04,106552.08458171129,68180.66790569315,38371.41667601814
2023-07-05,106291.58827994984,67336.12648312731,38955.46179682252
2023-07-06,86372.87397767502,78017.81372119652,8355.060256478493
2023-07-07,113489.19515483834,73863.10461372213,39626.09054111621
2023-07-08,125256.54591755755,60977.02846018209,64279.51745737546
2023-07-09,124240.18286912264,85254.23429008055,38985.94857904209
2023-07-10,90110.20426560933,84316.12411863278,5794.080146976543
2023-07-11,129137.09260850637,97924.94353628991,31212.14907221646
2023-07-12,92559.41606201904,82399.60676944912,10159.809292569917
2023-07-13,110446.01808772555,64221.845744916434,46224.17234280911
2023-07-14,128151.92581373305,96332.75575507611,31819.170058656935
2023-07-15,87286.59412443943,79262.03983911648,8024.554285322956
2023-07-16,107978.85645796992,65305.55774486628,42673.298713103635
2023-07-17,88682.96416609129,88191.8988845801,491.06528151118255
2023-07-18,98956.36030788116,79360.07168682913,19596.288621052023
2023-07-19,87227.73028107398,69067.28163225162,18160.448648822363
2023-07-20,80405.71394187419,50017.85690445051,30387.857037423673
2023-07-21,96670.88641470065,78172.44956519236,18498.43684950829
2023-07-22,87710.74414926565,71633.42977721785,16077.314372047796
2023-07-23,81857.35024505894,68267.94669623097,13589.403548827977
2023-07-24,88306.24037327,59881.87305933479,28424.367313935218
2023-07-25,86536.44711009177,79929.15474767055,6607.292362421227
2023-07-26,99738.18247715193,84337.86578328299,15400.31669386894
2023-07-27,96036.35721089861,86038.71419044874,9997.643020449876
2023-07-28,119092.37309288819,61177.52742440125,57914.84566848694
2023-07-29,91250.36855308904,74160.26909144937,17090.099461639664
2023-07-30,105207.6144747584,53263.279770838744,51944.33470391966
2023-07-31,106636.39904739244,86763.0717177861,19873.32732960634
2023-08-01,96966.14505417725,73416.29105410444,23549.85400007281
2023-08-02,132635.61877774697,79940.99851392869,52694.62026381829
2023-08-03,118802.81517592186,107151.80135333832,11651.01382258354
2023-08-04,101271.97990467431,89949.60091833225,11322.378986342068
2023-08-05,110887.42751250592,89976.26640258025,20911.16110992567
2023-08-06,90675.07980457251,75300.35823611199,15374.721568460518
2023-08-07,133393.30001176105,97680.95545668708,35712.34455507397
2023-08-08,106909.80661614446,76948.85114346746,29960.955472677
2023-08-09,92640.04372965441,82980.26999722444,9659.773732429967
2023-08-10,108136.26764580673,64330.609130385244,43805.658515421484
2023-08-11,99090.06000470175,78217.09594177427,20872.96406292748
2023-08-12,100866.18526204738,93348.58267595747,7517.60258608991
2023-08-13,116380.69856097136,81473.71174805089,34906.98681292047
2023-08-14,99559.55174995717,77931.30991128241,21628.24183867476
2023-08-15,93120.49166588415,76501.81258355077,16618.679082333387
2023-08-16,92100.46841592767,89984.72232173814,2115.746094189526
2023-08-17,113021.10308120749,59998.42979576063,53022.67328544686
2023-08-18,91153.58683507667,71330.98251992423,19822.604315152435
2023-08-19,89921.48664388021,69884.73467528904,20036.75196859117
2023-08-20,66330.32136536269,88466.93446160574,-22136.613096243047
2023-08-21,95487.5589727978,70995.69916298415,24491.859809813643
2023-08-22,111575.66079491575,72361.89916858076,39213.76162633499
2023-08-23,109751.17666136782,89581.80685464464,20169.369806723174
2023-08-24,108290.81884090269,62942.21605281076,45348.60278809193
2023-08-25,100328.34834161442,91973.38221318532,8354.966128429092
2023-08-26,117023.55257914675,58062.67685641112,58960.87572273563
2023-08-27,105482.57995906976,82205.68627089962,23276.893688170137
2023-08-28,124050.38592802153,87394.49853467707,36655.887393344456
2023-08-29,109289.7290914284,88161.94335166662,21127.785739761777
2023-08-30,116017.12937903381,79890.6049922228,36126.52438681101
2023-08-31,85556.63809546178,86109.76060010529,-553.1225046435138
2023-09-01,96523.54165772363,103623.92907774377,-7100.387420020139
2023-09-02,89719.36886187692,66098.69982305636,23620.66903882056
2023-09-03,89942.26441859399,81496.73547998759,8445.528938606396
2023-09-04,88978.93139284552,72960.68917083571,16018.242222009809
2023-09-05,95679.5232226238,109834.41201498477,-14154.888792360973
2023-09-06,105957.7928558681,66191.64896951235,39766.143886355756
2023-09-07,115223.64152921957,70093.92704613297,45129.7144830866
2023-09-08,90052.58544750194,85532.52748691314,4520.057960588805
2023-09-09,99096.44249812761,74206.17090371768,24890.271594409933
2023-09-10,117720.99824190256,82856.56210013731,34864.436141765254
2023-09-11,88236.056039344,90572.4848738339,-2336.4288344899105
2023-09-12,115967.88685558028,72414.70439039727,43553.18246518301
2023-09-13,101520.1810336091,81173.7943501354,20346.3866834737
2023-09-14,100111.17455949877,72248.8456475851,27862.328911913675
2023-09-15,81580.92125702831,103139.0656501147,-21558.14439308639
2023-09-16,101497.52668820953,87722.23794056984,13775.288747639686
2023-09-17,84883.16548944352,77415.70119214107,7467.464297302446
2023-09-18,84649.604208349,82890.25034165205,1759.3538666969544
2023-09-19,106333.12410027416,87484.18119396699,18848.942906307173
2023-09-20,85839.89545980857,71565.45973255258,14274.435727255986
2023-09-21,103898.28750559756,79663.32756489323,24234.959940704328
2023-09-22,96065.18345911562,60904.278192593716,35160.905266521906
2023-09-23,83066.20461507318,90733.13204505209,-7666.92742997891
2023-09-24,77938.37586169218,79856.12584306771,-1917.7499813755276
2023-09-25,108174.42356659206,102414.6390173481,5759.784549243952
2023-09-26,105920.2744138159,74011.80576820833,31908.468645607572
2023-09-27,102224.51335699913,94199.4693251723,8025.044031826837
2023-09-28,99267.11595712237,78752.32723423949,20514.788722882877
2023-09-29,93460.46047908193,83896.24369966376,9564.216779418173
2023-09-30,95429.07936146451,55524.97909584214,39904.100265622365
2023-10-01,109271.53139577573,75522.73278225382,33748.79861352191
2023-10-02,106890.57658346625,86917.58881153939,19972.987771926855
2023-10-03,115859.23808650907,84548.64089186297,31310.597194646092
2023-10-04,84734.53097530059,93046.48141361092,-8311.950438310334
2023-10-05,80002.74039889562,71378.48166794557,8624.258730950052
2023-10-06,107329.1314440857,92370.6568437834,14958.474600302288
2023-10-07,114611.13021314023,85926.01894419405,28685.111268946188
2023-10-08,120654.8900953042,99274.1375942418,21380.75250106241
2023-10-09,90729.70287826571,83165.06836478614,7564.63451347957
2023-10-10,112055.99151613042,72010.57485489987,40045.416661230556
2023-10-11,75836.19750765273,81766.42087397305,-5930.223366320322
2023-10-12,99863.63980576278,90162.25419508718,9701.3856106756
2023-10-13,86458.43164897506,91820.24633985599,-5361.8146908809285
2023-10-14,80863.311412093,101894.14465944411,-21030.83324735111
2023-10-15,92157.68137346141,95616.48025506653,-3458.798881605122
2023-10-16,87386.94792130313,73391.79573989264,13995.152181410493
2023-10-17,97464.28553818796,81510.43657942076,15953.848958767208
2023-10-18,111156.75420196795,84545.33554135262,26611.418660615338
2023-10-19,107522.35055923376,67029.28312119385,40493.067438039914
2023-10-20,90888.77138747873,92155.18046188216,-1266.409074403433
2023-10-21,115452.18412934904,77795.14427785328,37657.03985149576
2023-10-22,67903.32997838157,76967.32409594883,-9063.994117567257
2023-10-23,99780.3794549303,87808.40512141965,11971.974333510647
2023-10-24,104425.99367235474,93180.22475537642,11245.768916978326
2023-10-25,75787.08643110134,83617.13822953231,-7830.05179843097
2023-10-26,88860.95315842745,77748.29177365894,11112.661384768508
2023-10-27,100058.3614651605,80876.62675019214,19181.734714968363
2023-10-28,88207.81221227649,66521.69224300787,21686.11996926862
2023-10-29,106367.3038457727,79027.9052148651,27339.3986309076
2023-10-30,87569.07459210123,78338.85668037574,9230.217911725485
2023-10-31,113305.07483851662,79377.55555289467,33927.51928562195
2023-11-01,101097.71976224017,65950.48147462541,35147.23828761476
2023-11-02,115757.59930759686,104269.10785144693,11488.491456149932
2023-11-03,124651.07569502683,85953.86124810133,38697.2144469255
2023-11-04,100575.55899037072,62132.03895703597,38443.520033334746
2023-11-05,99930.96826145625,86759.08663964042,13171.881621815832
2023-11-06,112630.99398095986,73768.66117360571,38862.33280735415
2023-11-07,93795.61141013989,86155.9705092398,7639.640900900078
2023-11-08,90141.40474287956,87307.34326672445,2834.0614761551114
2023-11-09,99344.22600035976,55622.845741074736,43721.380259285026
2023-11-10,104530.37068200867,93902.61824805688,10627.752433951784
2023-11-11,115809.86444268851,89039.14755986443,26770.716882824083
2023-11-12,116711.92781396322,86208.838374576,30503.08943938723
2023-11-13,89884.54494973822,61930.35714136502,27954.1878083732
2023-11-14,96943.88935234789,96740.22554736806,203.66380497983482
2023-11-15,107702.12323736,78209.00921449545,29493.114022864553
2023-11-16,116059.96509830756,86768.61575180419,29291.349346503368
2023-11-17,89270.05632287843,77802.83087691362,11467.22544596481
2023-11-18,96907.10564574756,75739.94170087473,21167.16394487284
2023-11-19,98198.38103429263,72529.98558512727,25668.395449165357
2023-11-20,111335.86850033532,59103.05537306903,52232.81312726629
2023-11-21,71104.18984074227,68997.74632604046,2106.4435147018085
2023-11-22,115574.43257313687,68631.17631056905,46943.256262567826
2023-11-23,82351.43167994554,77714.88101108672,4636.550668858821
2023-11-24,98350.16779282664,87562.01423899917,10788.153553827477
2023-11-25,100528.47230141891,91033.87359683898,9494.598704579927
2023-11-26,106222.23487260236,58723.93959100796,47498.2952815944
2023-11-27,86420.23715295435,86085.27248987004,334.96466308430536
2023-11-28,81655.93269001055,51755.42122860023,29900.511461410322
2023-11-29,113274.26196895991,74276.01586055194,38998.24610840797
2023-11-30,78427.89272876171,80958.06341188376,-2530.170683122051
2023-12-01,121144.89250981642,71130.48231987843,50014.41018993799
2023-12-02,95906.07167409545,73841.35119392852,22064.72048016693
2023-12-03,102834.25870029318,104711.24939205844,-1876.9906917652552
2023-12-04,90510.0000623261,76148.15897759314,14361.841084732965
2023-12-05,67684.20602524499,103229.38760230078,-35545.18157705579
2023-12-06,91623.29461411727,89187.80394153447,2435.490672582804
2023-12-07,89777.5762988227,77822.14321132301,11955.433087499696
2023-12-08,115793.75313183964,91506.11457082664,24287.638561012995
2023-12-09,86654.15052527086,101029.05502305724,-14374.904497786381
2023-12-10,98951.19573088485,86310.38605124693,12640.809679637925
2023-12-11,79869.05710184405,70947.11840439952,8921.938697444537
2023-12-12,90226.54715646728,94665.6461855568,-4439.099029089528
2023-12-13,99301.56753301807,111793.53468276566,-12491.967149747594
2023-12-14,105241.02095455225,85357.26144649908,19883.759508053176
2023-12-15,77525.62055645778,94161.64162029004,-16636.02106383226
2023-12-16,114683.91547417473,86390.98798978927,28292.927484385466
2023-12-17,105368.87054580299,86317.8458997575,19051.02464604548
2023-12-18,118660.52455069954,76206.61426752736,42453.91028317218
2023-12-19,80812.18057049508,97973.33170305734,-17161.151132562256
2023-12-20,77240.06191970845,79568.97232035936,-2328.910400650915
2023-12-21,98794.61733870018,100643.15776581154,-1848.5404271113657
2023-12-22,101543.48815475088,77820.59292853503,23722.895226215856
2023-12-23,92032.77514560637,78162.78807164817,13869.987073958197
2023-12-24,103075.30089196253,97502.10289384142,5573.197998121104
2023-12-25,57210.40648670667,94693.47466709692,-37483.06818039025
2023-12-26,107642.1051780439,79587.80818545136,28054.296992592543
2023-12-27,88243.76669171522,96315.70581578425,-8071.939124069031
2023-12-28,107835.18389063342,86998.11184536178,20837.072045271634
2023-12-29,121007.0325100781,72261.1572101206,48745.87529995751
2023-12-30,61571.41663223883,79743.53965264358,-18172.123020404753
2023-12-31,99726.87970609368,88811.2126471342,10915.667058959472
